User,Location,Date Created,Number of Likes,Source of Tweet,Tweet
Paul W Mahon,East Coast North America ,2022-12-07 22:49:05+00:00,0,Twitter for iPad,"RT @InfogolApp: ğŸ“Š Most expected goals (xG) created in the #FIFAWorldCup round of 16:

1ï¸âƒ£ #BRA - 4.29
2ï¸âƒ£ #POR - 2.86
3ï¸âƒ£ #ARG - 2.14
4ï¸âƒ£ #â€¦"
Ricardo AndrÃ©s Manzano Pacheco.,,2022-12-07 22:48:04+00:00,0,Twitter for Android,"Mire seÃ±or @velezfutbol como reciben el pueblo de JapÃ³n #JPN a su equipo. Con ramos a cada uno de los integrantes, despuÃ©s de haber caÃ­da en #CopaMundialFIFA #Qatar2022 contra #HRV en penas mÃ¡ximas 4-1. Â¡QuÃ© tal! AA. https://t.co/kZEY38ozKM"
ahi ğŸƒ,,2022-12-07 22:48:02+00:00,0,Twitter for Android,"RT @brfootball: #NED 3-1 #USA
#ARG 2-1 #AUS
#FRA 3-1 #POL
#ENG 3-0 #SEN
#JPN 1-1 #HRV (1-3 on pens)
#BRA 4-1 #KOR
#MAR 0-0 #ESP (3-0 on penâ€¦"
LuÃ­s ğŸ‡²ğŸ‡¦,"New York, USA",2022-12-07 22:44:21+00:00,0,Twitter for iPhone,"RT @brfootball: #NED 3-1 #USA
#ARG 2-1 #AUS
#FRA 3-1 #POL
#ENG 3-0 #SEN
#JPN 1-1 #HRV (1-3 on pens)
#BRA 4-1 #KOR
#MAR 0-0 #ESP (3-0 on penâ€¦"
Willy Marie,,2022-12-07 22:41:09+00:00,0,Twitter for iPhone,"RT @brfootball: #WAL 0-2 #IRN
#QAT 1-3 #SEN
#NED 1-1 #ECU
#ENG 0-0 #USA
#TUN 0-1 #AUS
#POL 2-0 #KSA
#FRA 2-1 #DEN
#ARG 2-0 #MEX
#JPN 0-1 #Câ€¦"
Muad'Dib ğŸ‡¨ğŸ‡³ğŸš€,Mars ğŸš€,2022-12-07 22:35:08+00:00,0,Twitter for Android,"RT @brfootball: #NED 3-1 #USA
#ARG 2-1 #AUS
#FRA 3-1 #POL
#ENG 3-0 #SEN
#JPN 1-1 #HRV (1-3 on pens)
#BRA 4-1 #KOR
#MAR 0-0 #ESP (3-0 on penâ€¦"
Ebenezer Ansah Modred,,2022-12-07 22:05:01+00:00,0,Twitter for Android,"RT @golazoargentino: The @FIFAWorldCup last 16 is set

#NEDÂ  - #USAÂ 
#ARGÂ  - #AUSÂ 
#FRAÂ  - #POL
#ENGÂ  - #SENÂ 
#JPNÂ  - #HRVÂ 
#BRAÂ  - #KORÂ 
#â€¦"
Shogun0ne,,2022-12-07 21:50:39+00:00,0,Twitter for Android,"RT @J_League: PKæˆ¦ã®çµæœãƒ™ã‚¹ãƒˆï¼˜å±Šã‹ãšã€‚

#JPN 1-1 #HRV ï¼ˆPK1-3ï¼‰

#SAMURAIBLUE #ã‚µãƒƒã‚«ãƒ¼æ—¥æœ¬ä»£è¡¨ 
#FIFAWorldCup | #Qatar2022 https://t.co/kCPDXS1n5d"
ğŸ¦‹,Singapore,2022-12-07 21:29:07+00:00,0,Twitter for iPhone,"RT @brfootball: #NED 3-1 #USA
#ARG 2-1 #AUS
#FRA 3-1 #POL
#ENG 3-0 #SEN
#JPN 1-1 #HRV (1-3 on pens)
#BRA 4-1 #KOR
#MAR 0-0 #ESP (3-0 on penâ€¦"
Mr Awesome Gamer,,2022-12-07 21:27:23+00:00,0,Twitter Web App,"RT @brfootball: #NED 3-1 #USA
#ARG 2-1 #AUS
#FRA 3-1 #POL
#ENG 3-0 #SEN
#JPN 1-1 #HRV (1-3 on pens)
#BRA 4-1 #KOR
#MAR 0-0 #ESP (3-0 on penâ€¦"
TaiwoğŸ’ğŸ’ğŸ’ğŸ’,"Lagos, Nigeria",2022-12-07 20:48:11+00:00,0,Twitter for Android,"RT @brfootball: #NED 3-1 #USA
#ARG 2-1 #AUS
#FRA 3-1 #POL
#ENG 3-0 #SEN
#JPN 1-1 #HRV (1-3 on pens)
#BRA 4-1 #KOR
#MAR 0-0 #ESP (3-0 on penâ€¦"
Anne Celeste ğŸ’™,,2022-12-07 20:43:21+00:00,0,Twitter Web App,"RT @fifaworldcup_es: Â¡Grande, Moriyasu! ğŸ‘

El tÃ©cnico de #JPN consolÃ³ a sus pupilos tras caer ante #HRV."
S.JosieğŸ’™â¤ï¸ğŸ’˜MESSIğŸ˜˜ğŸâš½ï¸ğŸ™ğŸ¼ğŸ¥°,,2022-12-07 20:36:34+00:00,0,Twitter for iPhone,"RT @brfootball: #NED 3-1 #USA
#ARG 2-1 #AUS
#FRA 3-1 #POL
#ENG 3-0 #SEN
#JPN 1-1 #HRV (1-3 on pens)
#BRA 4-1 #KOR
#MAR 0-0 #ESP (3-0 on penâ€¦"
Sebastian Linares Llerena,,2022-12-07 20:36:20+00:00,0,Twitter for iPhone,"#CopaMundialFIFAÂ #Qatar2022Â Â Â Â Â Â Â Â Â Â Â Â Â Â Â Â Â Â  
OCTAVOS DE FINAL (FT)
#JPN 1(1)v(3)1 #HRV 
ğŸ‡¯ğŸ‡µMaedaâš½ï¸ 
ğŸ‡­ğŸ‡·Perisicâš½ï¸
*CroaciağŸ‡­ğŸ‡· gana 3-1 en los penales"
Enoch Appiah,,2022-12-07 20:28:47+00:00,0,Twitter for Android,"RT @brfootball: #NED 3-1 #USA
#ARG 2-1 #AUS
#FRA 3-1 #POL
#ENG 3-0 #SEN
#JPN 1-1 #HRV (1-3 on pens)
#BRA 4-1 #KOR
#MAR 0-0 #ESP (3-0 on penâ€¦"
SangğŸ’ƒğŸ»ğŸ¥°MessiFCBâš½ï¸ğŸ’™â¤ï¸,,2022-12-07 20:26:48+00:00,0,Twitter for iPhone,"RT @brfootball: #NED 3-1 #USA
#ARG 2-1 #AUS
#FRA 3-1 #POL
#ENG 3-0 #SEN
#JPN 1-1 #HRV (1-3 on pens)
#BRA 4-1 #KOR
#MAR 0-0 #ESP (3-0 on penâ€¦"
á¶œÊ³á¶ ,4.4389Â° N 75.2322Â° O,2022-12-07 20:25:25+00:00,0,Twitter Web App,"RT @brfootball: #NED 3-1 #USA
#ARG 2-1 #AUS
#FRA 3-1 #POL
#ENG 3-0 #SEN
#JPN 1-1 #HRV (1-3 on pens)
#BRA 4-1 #KOR
#MAR 0-0 #ESP (3-0 on penâ€¦"
Osvaldo FabiÃ¡n Ortiz,,2022-12-07 20:24:35+00:00,0,Twitter for Android,"RT @PabloOrtizOK: #Qatar2022 | #JapÃ³nğŸ‡¯ğŸ‡µ vs. #CroaciağŸ‡­ğŸ‡·
Relatos: @Jfurlanich #TeLoRelataFurla
Comentarios: @milenagimon
TV ğŸ“º: @DSports SD 61â€¦"
LeeyCamarguinhoâ™¨ï¸,RepÃºblica de MoÃ§ambique,2022-12-07 20:18:07+00:00,0,Twitter for Android,"RT @brfootball: #NED 3-1 #USA
#ARG 2-1 #AUS
#FRA 3-1 #POL
#ENG 3-0 #SEN
#JPN 1-1 #HRV (1-3 on pens)
#BRA 4-1 #KOR
#MAR 0-0 #ESP (3-0 on penâ€¦"
Nueve ğŸ‡µğŸ‡¸,,2022-12-07 20:08:44+00:00,0,Twitter for iPhone,"RT @brfootball: #NED 3-1 #USA
#ARG 2-1 #AUS
#FRA 3-1 #POL
#ENG 3-0 #SEN
#JPN 1-1 #HRV (1-3 on pens)
#BRA 4-1 #KOR
#MAR 0-0 #ESP (3-0 on penâ€¦"
Sabrina Ghio,,2022-12-07 19:59:20+00:00,0,Twitter for Android,"RT @lnstantFoot: ğŸ”´ ON CONNAIT TOUS LES QUARTS DE FINALE DE LA #FIFAWorldCup, ET ON AURA DU SPECTACLE ! ğŸ˜

#NED ğŸ†š #ARG
#ENG ğŸ†š #FRA
#HRV ğŸ†š #Jâ€¦"
VIC,,2022-12-07 19:54:57+00:00,0,Twitter for iPhone,"RT @brfootball: #NED 3-1 #USA
#ARG 2-1 #AUS
#FRA 3-1 #POL
#ENG 3-0 #SEN
#JPN 1-1 #HRV (1-3 on pens)
#BRA 4-1 #KOR
#MAR 0-0 #ESP (3-0 on penâ€¦"
Lucas Felipe âš«ï¸âšªï¸,Neo QuÃ­mica Arena,2022-12-07 19:51:17+00:00,0,Twitter for iPhone,"RT @lucasfelipe_73: #FIFAWorldCup - 8as de Final

#NED 3-1 #USA
#ARG 2-1 #AUS
#FRA 3-1 #POL
#ENG 3-0 #SEN
#JPN 1 (1)-(3) 1 #HRV
#BRA 4-1 #Kâ€¦"
Madxe Mue,Jamaica,2022-12-07 19:23:24+00:00,0,Twitter Web App,"RT @brfootball: #NED 3-1 #USA
#ARG 2-1 #AUS
#FRA 3-1 #POL
#ENG 3-0 #SEN
#JPN 1-1 #HRV (1-3 on pens)
#BRA 4-1 #KOR
#MAR 0-0 #ESP (3-0 on penâ€¦"
Abel,PenÃ­nsula IbÃ©rica,2022-12-07 19:22:12+00:00,1,Twitter for Android,"GOLES #FIFAWORLDCUP

#ENG âš½âš½âš½âš½âš½âš½âš½âš½âš½âš½âš½âš½
#POR âš½âš½âš½âš½âš½âš½âš½âš½âš½âš½âš½âš½
#FRA âš½âš½âš½âš½âš½âš½âš½âš½âš½
#ESP âš½âš½âš½âš½âš½âš½âš½âš½âš½
#NED âš½âš½âš½âš½âš½âš½âš½âš½
#BRA âš½âš½âš½âš½âš½âš½âš½
#ARG âš½âš½âš½âš½âš½âš½âš½
#GER âš½âš½âš½âš½âš½âš½
#JPN âš½âš½âš½âš½âš½
#HRV âš½âš½âš½âš½âš½
#KOR âš½âš½âš½âš½âš½
#SEN âš½âš½âš½âš½âš½"
Manager at Auntie Bnasty's pretzels,Wano,2022-12-07 19:16:39+00:00,0,Twitter for Android,"RT @TelemundoSports: ğŸ‡¯ğŸ‡µ Â¡Â¡GOOOOOOOOOOOOL DE JAPÃ“N!! 

âš½ï¸ Â¡LlegÃ³ el primero del partido! Daizen Maeda aprovecha un rebote y la manda a guardâ€¦"
Mr. TailorğŸª¡,DWNS Taylor Rain / Parody,2022-12-07 18:51:08+00:00,0,Twitter for Android,"RT @spacebearwizzer: @spacebearrocker Ğ›Ğ£Ğ”Ğ˜Ğ›ĞĞĞĞĞĞ ĞÑ…3&gt;
ĞĞŸĞ¨Ğ¢Ğ• Ğ›Ğ£Ğ”Ğ˜Ğ›Ğ (((:3&gt;
Ğ•Ğ½Ğ¾ Ñ˜Ğµ Ğ¸ ĞšĞ ĞšĞ° Ğ³Ğ° ĞºÑ€ĞºĞ½ÑƒĞ»Ğ°
Ğ¨Ğ²Ğ°Ğ±Ğ°Ğ¼Ğ°! Ğ¡Ğ°Ğ´ ÑĞ°Ğ¼Ğ¾ Ğ¼Ğ¾Ñ€Ğ°
Ğ´Ğ° Ğ±ÑƒĞ´Ğµ 1: #ESPâ€¦"
BETTING HUB,,2022-12-07 18:37:17+00:00,0,Twitter for iPhone,"RT @brfootball: #NED 3-1 #USA
#ARG 2-1 #AUS
#FRA 3-1 #POL
#ENG 3-0 #SEN
#JPN 1-1 #HRV (1-3 on pens)
#BRA 4-1 #KOR
#MAR 0-0 #ESP (3-0 on penâ€¦"
Ale, Asturies,2022-12-07 18:31:19+00:00,0,Twitter for Android,"RT @2010MisterChip: #JPN 1-1 #HRV (70')
#JPNHRV #FIFAWorldCup #Qatar2022 

Entra Budimir y por PRIMERA VEZ @Osasuna tiene 2 jugadores con mâ€¦"
Ale, Asturies,2022-12-07 18:30:58+00:00,0,Twitter for Android,"RT @2010MisterChip: #JPN 1-1 #HRV (55')
#JPNHRV #FIFAWorldCup #Qatar2022 

Perisic (jugador extraordinario e infravalorado) es el TERCER juâ€¦"
Ale, Asturies,2022-12-07 18:30:53+00:00,0,Twitter for Android,"RT @2010MisterChip: #JPN 1-0 #HRV (Maeda 43')
#JPNHRV #FIFAWorldCup #Qatar2022 

Asia se merece POR FIN otra selecciÃ³n que llegue a cuartosâ€¦"
ÛŒÚ© Ø®Ø±ÛŒ Ú©Ù‡ Ø¯Ù‡ ØªØ§ Ø§Ú©Ø§Ù†Øª Ù¾Ø±ÙˆÙ†Ø¯Ù‡,,2022-12-07 18:25:21+00:00,0,Twitter for Android,"RT @brfootball: #NED 3-1 #USA
#ARG 2-1 #AUS
#FRA 3-1 #POL
#ENG 3-0 #SEN
#JPN 1-1 #HRV (1-3 on pens)
#BRA 4-1 #KOR
#MAR 0-0 #ESP (3-0 on penâ€¦"
â˜…ğŸ“½ï¸bliÂ§ dolly zÃ¸omâ­,,2022-12-07 18:05:29+00:00,0,Twitter Web App,"RT @FIFAWorldCup: #NED #USA
#ARG #AUS
#ENG #SEN
#FRA #POL
#JPN #HRV
#BRA #KOR
#MAR #ESP
#POR #SUI"
Express Futbol,"UEFA, CONMEBOL, CONCACAF, FIFA",2022-12-07 17:54:43+00:00,0,Twitter for Android,"RT @ExpressFutbolCL: FORMACIONES CONFIRMADAS. VÃ­a @365ScoresApp:

#JPN: Tomiyasu y Ritsu Doan son las principales novedades de Moriyasu. Loâ€¦"
Waleed,In your Heart,2022-12-07 17:52:57+00:00,0,Twitter Web App,"RT @brfootball: #NED 3-1 #USA
#ARG 2-1 #AUS
#FRA 3-1 #POL
#ENG 3-0 #SEN
#JPN 1-1 #HRV (1-3 on pens)
#BRA 4-1 #KOR
#MAR 0-0 #ESP (3-0 on penâ€¦"
Marquard E. Fredericks,Stellenbosch,2022-12-07 17:52:17+00:00,0,Twitter for Android,"RT @brfootball: #NED 3-1 #USA
#ARG 2-1 #AUS
#FRA 3-1 #POL
#ENG 3-0 #SEN
#JPN 1-1 #HRV (1-3 on pens)
#BRA 4-1 #KOR
#MAR 0-0 #ESP (3-0 on penâ€¦"
Express Futbol,"UEFA, CONMEBOL, CONCACAF, FIFA",2022-12-07 17:51:22+00:00,0,Twitter for Android,"RT @ExpressFutbolCL: Los OCTAVOS de Final de #Qatar2022 

#NED #USA
#ARG #AUS 

#JPN #HRV 
#BRA #KOR 

#ENG #SEN
#FRA #POL

#MAR #ESP
#PORâ€¦"
zhekaf._.ahmad_,,2022-12-07 17:49:22+00:00,0,Twitter for iPhone,"RT @brfootball: #NED 3-1 #USA
#ARG 2-1 #AUS
#FRA 3-1 #POL
#ENG 3-0 #SEN
#JPN 1-1 #HRV (1-3 on pens)
#BRA 4-1 #KOR
#MAR 0-0 #ESP (3-0 on penâ€¦"
ISHOLA âœ¨,Unknow,2022-12-07 17:27:29+00:00,0,Twitter for iPhone,"RT @brfootball: #NED 3-1 #USA
#ARG 2-1 #AUS
#FRA 3-1 #POL
#ENG 3-0 #SEN
#JPN 1-1 #HRV (1-3 on pens)
#BRA 4-1 #KOR
#MAR 0-0 #ESP (3-0 on penâ€¦"
yosinotosihiro,é–¢æ±ã®ã‚ˆã„ã¨ã“ã‚,2022-12-07 17:18:58+00:00,0,Twitter for Android,"RT @J_League: æ˜¨å¤œã®æ¿€é—˜ã‚’PlayBackğŸ“¸

43åˆ†ã« #å‰ç”°å¤§ç„¶Â Â ã®ã‚´ãƒ¼ãƒ«ã§å…ˆåˆ¶ã—ã€1-0ã§æŠ˜ã‚Šè¿”ã™ã‚‚ã€55åˆ†ã«ä¸€ç¬ã®éš™ã‚’çªã‹ã‚Œå¤±ç‚¹ã€‚

PKæˆ¦ã®æœ«ã«ã‚¯ãƒ­ã‚¢ãƒã‚¢ã«æ•—ã‚Œã€æ‚²é¡˜ã®ãƒ™ã‚¹ãƒˆ8ã«ã¯å±Šã‹ãšã€‚

#JPNÂ Â 1-1 (PK 1-3) #HRVÂ Â 
43'â€¦"
M.A.D,Rabat,2022-12-07 17:11:59+00:00,0,Twitter for Android,"RT @marca: ğŸ”® Hoy clavamos el #PronÃ³sticoMARCA del #JPN vs #HRV y esperamos repetir con el del #MAR vs #ESP 

Aunque bueno, lo importante esâ€¦"
ğŸ«¶ğŸ‡¨ğŸ‡²,South Africa,2022-12-07 17:04:32+00:00,0,Twitter for iPhone,"RT @brfootball: #NED 3-1 #USA
#ARG 2-1 #AUS
#FRA 3-1 #POL
#ENG 3-0 #SEN
#JPN 1-1 #HRV (1-3 on pens)
#BRA 4-1 #KOR
#MAR 0-0 #ESP (3-0 on penâ€¦"
á¶œÊ³á¶ ,4.4389Â° N 75.2322Â° O,2022-12-07 17:04:28+00:00,0,Twitter Web App,"RT @fpvywgins39548: #NED 3-1 #USA
#ARG 2-1 #AUS
#FRA 3-1 #POL
#ENG 3-0 #SEN
#JPN 1-1 #HRV (1-3 on pens)
#BRA 4-1 #KOR
#MAR 0-0 #ESP (3-0 onâ€¦"
Nii Sackey,Accra Ghana ,2022-12-07 16:57:03+00:00,0,Twitter for Android,"RT @brfootball: #NED 3-1 #USA
#ARG 2-1 #AUS
#FRA 3-1 #POL
#ENG 3-0 #SEN
#JPN 1-1 #HRV (1-3 on pens)
#BRA 4-1 #KOR
#MAR 0-0 #ESP (3-0 on penâ€¦"
Pritam Biswas ğŸ‡®ğŸ‡³â™‘,"Barrackpore,West Bengal,India",2022-12-07 16:53:10+00:00,0,Twitter for Android,"RT @brfootball: #NED 3-1 #USA
#ARG 2-1 #AUS
#FRA 3-1 #POL
#ENG 3-0 #SEN
#JPN 1-1 #HRV (1-3 on pens)
#BRA 4-1 #KOR
#MAR 0-0 #ESP (3-0 on penâ€¦"
RMK 2023ğŸ›‘ğŸ›‘ğŸ›‘,Nigeria,2022-12-07 16:52:18+00:00,0,Twitter for iPhone,"RT @brfootball: #NED 3-1 #USA
#ARG 2-1 #AUS
#FRA 3-1 #POL
#ENG 3-0 #SEN
#JPN 1-1 #HRV (1-3 on pens)
#BRA 4-1 #KOR
#MAR 0-0 #ESP (3-0 on penâ€¦"
Alejandra Vallejos,"Corrientes, Argentina",2022-12-07 16:45:37+00:00,0,Twitter Web App,RT @mxalvarezv: AdiÃ³s JapÃ³n. ExtraÃ±aremos a tu hinchada cantando canciones de La 12 y tus victorias contra EspaÃ±a y Alemania. #JPN #HRV #Qaâ€¦
Alexander,,2022-12-07 16:42:56+00:00,0,Twitter for iPhone,"RT @TelemundoSports: ğŸ‡¯ğŸ‡µ Â¡Â¡GOOOOOOOOOOOOL DE JAPÃ“N!! 

âš½ï¸ Â¡LlegÃ³ el primero del partido! Daizen Maeda aprovecha un rebote y la manda a guardâ€¦"
AM,,2022-12-07 16:35:15+00:00,0,Twitter for iPhone,"RT @brfootball: #NED 3-1 #USA
#ARG 2-1 #AUS
#FRA 3-1 #POL
#ENG 3-0 #SEN
#JPN 1-1 #HRV (1-3 on pens)
#BRA 4-1 #KOR
#MAR 0-0 #ESP (3-0 on penâ€¦"
Acheampong Agyei Benjamin,,2022-12-07 16:26:25+00:00,0,Twitter for iPhone,"RT @brfootball: #NED 3-1 #USA
#ARG 2-1 #AUS
#FRA 3-1 #POL
#ENG 3-0 #SEN
#JPN 1-1 #HRV (1-3 on pens)
#BRA 4-1 #KOR
#MAR 0-0 #ESP (3-0 on penâ€¦"
ğŸ…°ğŸ…»ğŸ…´ğŸ†‡ğŸ…¸ğŸ†‚ ğŸ…¼ğŸ…°ğŸ†„ğŸ†ƒğŸ…¾ğŸ…½ğŸ…´,"Rosario, Argentina ",2022-12-07 16:25:38+00:00,0,Twitter Web App,"RT @brfootball: #NED 3-1 #USA
#ARG 2-1 #AUS
#FRA 3-1 #POL
#ENG 3-0 #SEN
#JPN 1-1 #HRV (1-3 on pens)
#BRA 4-1 #KOR
#MAR 0-0 #ESP (3-0 on penâ€¦"
âˆƒM,,2022-12-07 16:14:27+00:00,0,Twitter for Android,"RT @Football__Tweet: Daizen Maeda has deserved that World Cup goal. He's been an absolute beast for Japan this tournament. 

#JPN | #HRV |â€¦"
fpvywgins39548,,2022-12-07 16:14:18+00:00,0,Twitter Web App,"#NED 3-1 #USA
#ARG 2-1 #AUS
#FRA 3-1 #POL
#ENG 3-0 #SEN
#JPN 1-1 #HRV (1-3 on pens)
#BRA 4-1 #KOR
#MAR 0-0 #ESP (3-0 on pens)
#POR 6-1 #SUI

The round of 16 is in the books https://t.co/HKzWlHGfB1"
RenÃ© Carrillo (ğŸ‡²ğŸ‡½),MÃ©xico D.F.,2022-12-07 16:13:10+00:00,0,Twitter Web App,"RT @brfootball: #NED 3-1 #USA
#ARG 2-1 #AUS
#FRA 3-1 #POL
#ENG 3-0 #SEN
#JPN 1-1 #HRV (1-3 on pens)
#BRA 4-1 #KOR
#MAR 0-0 #ESP (3-0 on penâ€¦"
Tona,"Nairobi, Kenya",2022-12-07 16:11:45+00:00,0,Twitter for Android,"RT @brfootball: #NED 3-1 #USA
#ARG 2-1 #AUS
#FRA 3-1 #POL
#ENG 3-0 #SEN
#JPN 1-1 #HRV (1-3 on pens)
#BRA 4-1 #KOR
#MAR 0-0 #ESP (3-0 on penâ€¦"
budxhnloa36064,,2022-12-07 16:09:36+00:00,0,Twitter Web App,"#NED #USA
#ARG #AUS
#ENG #SEN
#FRA #POL
#JPN #HRV
#BRA #KOR
#MAR #ESP
#POR #SUI https://t.co/StqFwg5ikV"
wkogslxxb57166,,2022-12-07 16:08:29+00:00,0,Twitter Web App,"#WAL 0-2 #IRN
#QAT 1-3 #SEN
#NED 1-1 #ECU
#ENG 0-0 #USA
#TUN 0-1 #AUS
#POL 2-0 #KSA
#FRA 2-1 #DEN
#ARG 2-0 #MEX
#JPN 0-1 #CRC
#BEL 0-2 #MAR
#HRV 4-1 #CAN
#ESP 1-1 #GER
#CMR 3-3 #SRB
#KOR 2-3 #GHA
#BRA 1-0 #SUI
#POR 2-0 #URU 

That was round 2 https://t.co/sWAQ59gMgk"
Collins Atta Pokuâ€™s son,"Tarkwa, Ghana",2022-12-07 16:00:55+00:00,0,Twitter for iPhone,"RT @brfootball: #NED 3-1 #USA
#ARG 2-1 #AUS
#FRA 3-1 #POL
#ENG 3-0 #SEN
#JPN 1-1 #HRV (1-3 on pens)
#BRA 4-1 #KOR
#MAR 0-0 #ESP (3-0 on penâ€¦"
Kibalachi Sammy,,2022-12-07 15:59:06+00:00,0,Twitter for Android,"RT @brfootball: #NED 3-1 #USA
#ARG 2-1 #AUS
#FRA 3-1 #POL
#ENG 3-0 #SEN
#JPN 1-1 #HRV (1-3 on pens)
#BRA 4-1 #KOR
#MAR 0-0 #ESP (3-0 on penâ€¦"
-_-+,"Dhaka, Bangladesh",2022-12-07 15:58:53+00:00,0,Twitter for Android,"RT @Football__Tweet: That winning moment. 

#JPN | #HRV | #FIFAWorldCup https://t.co/bSqej1rj6C"
ä¸€è™ğŸ‡µğŸ‡¹,,2022-12-07 15:58:17+00:00,0,Twitter for iPhone,"RT @brfootball: #NED 3-1 #USA
#ARG 2-1 #AUS
#FRA 3-1 #POL
#ENG 3-0 #SEN
#JPN 1-1 #HRV (1-3 on pens)
#BRA 4-1 #KOR
#MAR 0-0 #ESP (3-0 on penâ€¦"
zaadulmacaad,,2022-12-07 15:44:39+00:00,0,Twitter for iPhone,"RT @brfootball: #NED 3-1 #USA
#ARG 2-1 #AUS
#FRA 3-1 #POL
#ENG 3-0 #SEN
#JPN 1-1 #HRV (1-3 on pens)
#BRA 4-1 #KOR
#MAR 0-0 #ESP (3-0 on penâ€¦"
Kelvin Celis,"Reno, NV",2022-12-07 15:41:46+00:00,0,Twitter for iPhone,"RT @brfootball: #NED 3-1 #USA
#ARG 2-1 #AUS
#FRA 3-1 #POL
#ENG 3-0 #SEN
#JPN 1-1 #HRV (1-3 on pens)
#BRA 4-1 #KOR
#MAR 0-0 #ESP (3-0 on penâ€¦"
e.o,,2022-12-07 15:32:53+00:00,0,Twitter for Android,"RT @ESPNStatsInfo: Japan and Croatia head to a penalty shootout in their Round of 16 match.

#HRV: advanced in both of its previous shootouâ€¦"
ğŸ‡²ğŸ‡¦ ğŸ«¡,Happy meal,2022-12-07 15:31:57+00:00,0,Twitter for iPhone,"RT @brfootball: #NED 3-1 #USA
#ARG 2-1 #AUS
#FRA 3-1 #POL
#ENG 3-0 #SEN
#JPN 1-1 #HRV (1-3 on pens)
#BRA 4-1 #KOR
#MAR 0-0 #ESP (3-0 on penâ€¦"
so cute,FAV7,2022-12-07 15:28:52+00:00,0,Twitter for iPad,"RT @brfootball: #NED 3-1 #USA
#ARG 2-1 #AUS
#FRA 3-1 #POL
#ENG 3-0 #SEN
#JPN 1-1 #HRV (1-3 on pens)
#BRA 4-1 #KOR
#MAR 0-0 #ESP (3-0 on penâ€¦"
Leader of Lunacy,Arsenal Football Club ,2022-12-07 15:12:05+00:00,0,Twitter for iPhone,"RT @brfootball: #NED 3-1 #USA
#ARG 2-1 #AUS
#FRA 3-1 #POL
#ENG 3-0 #SEN
#JPN 1-1 #HRV (1-3 on pens)
#BRA 4-1 #KOR
#MAR 0-0 #ESP (3-0 on penâ€¦"
StanisÅ‚aw Michalski,"Warszawa, Polska",2022-12-07 14:44:53+00:00,0,Twitter for iPhone,"RT @brfootball: #NED 3-1 #USA
#ARG 2-1 #AUS
#FRA 3-1 #POL
#ENG 3-0 #SEN
#JPN 1-1 #HRV (1-3 on pens)
#BRA 4-1 #KOR
#MAR 0-0 #ESP (3-0 on penâ€¦"
Myaa,â˜ºï¸ğŸ‡¯ğŸ‡µ,2022-12-07 14:38:07+00:00,0,Twitter for Android,"RT @brfootball: #NED 3-1 #USA
#ARG 2-1 #AUS
#FRA 3-1 #POL
#ENG 3-0 #SEN
#JPN 1-1 #HRV (1-3 on pens)
#BRA 4-1 #KOR
#MAR 0-0 #ESP (3-0 on penâ€¦"
Hussaini abdullahi,"Kaduna, Nigeria",2022-12-07 14:27:17+00:00,0,Twitter for Android,"RT @brfootball: #NED 3-1 #USA
#ARG 2-1 #AUS
#FRA 3-1 #POL
#ENG 3-0 #SEN
#JPN 1-1 #HRV (1-3 on pens)
#BRA 4-1 #KOR
#MAR 0-0 #ESP (3-0 on penâ€¦"
Stephen.,Inside life. ,2022-12-07 14:26:24+00:00,0,Twitter for Android,"RT @brfootball: #NED 3-1 #USA
#ARG 2-1 #AUS
#FRA 3-1 #POL
#ENG 3-0 #SEN
#JPN 1-1 #HRV (1-3 on pens)
#BRA 4-1 #KOR
#MAR 0-0 #ESP (3-0 on penâ€¦"
ã‚µãƒƒã‚«ãƒ¼ãƒœãƒªã‚¹ã‚¿,,2022-12-07 14:25:15+00:00,0,Twitter for iPad,"RT @yutaka_katoh: ã€#JPNÂ vs #HRVÂ ç§»å‹•ãƒ‡ãƒ¼ã‚¿ã€‘
â—†ç·èµ°è¡Œè·é›¢(å¹³å‡)
ã€€ğŸ‡¯ğŸ‡µ              ğŸ‡­ğŸ‡·
13768m      14154m

â—†æ™‚é€Ÿ20kmä»¥ä¸Šç·è·é›¢(å¹³å‡)
ã€€ğŸ‡¯ğŸ‡µ              ğŸ‡­ğŸ‡·
 1025mâ€¦"
Agusmarch Fimeba,,2022-12-07 14:22:43+00:00,0,Twitter for iPhone,"RT @brfootball: #NED 3-1 #USA
#ARG 2-1 #AUS
#FRA 3-1 #POL
#ENG 3-0 #SEN
#JPN 1-1 #HRV (1-3 on pens)
#BRA 4-1 #KOR
#MAR 0-0 #ESP (3-0 on penâ€¦"
$u$ie,"Chicago, IL",2022-12-07 14:06:50+00:00,0,Twitter for iPhone,"RT @TelemundoSports: ğŸ‡­ğŸ‡· Â¡CROACIA AVANZA A LOS CUARTOS DE FINAAAAAL! ğŸ‡­ğŸ‡·

âš½ï¸ AsÃ­ marcÃ³ Pasalic el gol definitivo para acceder a la siguienteâ€¦"
Luis,,2022-12-07 14:00:24+00:00,0,Twitter for iPhone,"RT @brfootball: #NED 3-1 #USA
#ARG 2-1 #AUS
#FRA 3-1 #POL
#ENG 3-0 #SEN
#JPN 1-1 #HRV (1-3 on pens)
#BRA 4-1 #KOR
#MAR 0-0 #ESP (3-0 on penâ€¦"
TRUSTED ACCURATE GUARANTEED BET ODDS 09042294269,"Lekki, Nigeria",2022-12-07 13:57:44+00:00,0,Twitter for Android,"RT @brfootball: #NED 3-1 #USA
#ARG 2-1 #AUS
#FRA 3-1 #POL
#ENG 3-0 #SEN
#JPN 1-1 #HRV (1-3 on pens)
#BRA 4-1 #KOR
#MAR 0-0 #ESP (3-0 on penâ€¦"
ãƒ‹ãƒ£ã‚º,18 â†‘ PL/ENG they/them,2022-12-07 13:53:38+00:00,0,TweetDeck,"RT @brfootball: #NED 3-1 #USA
#ARG 2-1 #AUS
#FRA 3-1 #POL
#ENG 3-0 #SEN
#JPN 1-1 #HRV (1-3 on pens)
#BRA 4-1 #KOR
#MAR 0-0 #ESP (3-0 on penâ€¦"
Sporting Life Football & Infogol,,2022-12-07 13:53:23+00:00,0,Twitter for iPhone,"RT @InfogolApp: ğŸ“Š Most expected goals (xG) created in the #FIFAWorldCup round of 16:

1ï¸âƒ£ #BRA - 4.29
2ï¸âƒ£ #POR - 2.86
3ï¸âƒ£ #ARG - 2.14
4ï¸âƒ£ #â€¦"
lily,they/any pronouns,2022-12-07 13:52:17+00:00,0,Twitter for iPad,"RT @brfootball: #NED 3-1 #USA
#ARG 2-1 #AUS
#FRA 3-1 #POL
#ENG 3-0 #SEN
#JPN 1-1 #HRV (1-3 on pens)
#BRA 4-1 #KOR
#MAR 0-0 #ESP (3-0 on penâ€¦"
ã‚ãŠã„âœŒğŸ»â˜†å½¡.ã€‚,,2022-12-07 13:46:27+00:00,0,Twitter for iPhone,"RT @fifaworldcup_es: Â¡#JPN se va arriba al descanso ante #HRV tras el gol de Maeda! 

#CopaMundialFIFA"
OB DEPORTES ğŸŒğŸ‡¨ğŸ‡´ğŸ‡ªğŸ‡¸âš½ï¸,"Barranquilla, Colombia",2022-12-07 13:41:05+00:00,0,Twitter for iPhone,"RT @brfootball: #NED 3-1 #USA
#ARG 2-1 #AUS
#FRA 3-1 #POL
#ENG 3-0 #SEN
#JPN 1-1 #HRV (1-3 on pens)
#BRA 4-1 #KOR
#MAR 0-0 #ESP (3-0 on penâ€¦"
æ©‹æœ¬ä½³å®/ã‚³ãƒ³ãƒ‡ã‚£ã‚·ãƒ§ãƒ‹ãƒ³ã‚°ã‚µãƒãƒ¼ãƒˆ/ç†å­¦ç™‚æ³•å£«,åƒè‘‰ åƒè‘‰å¸‚ ,2022-12-07 13:39:55+00:00,0,Twitter for iPhone,"RT @yutaka_katoh: ã€#JPNÂ vs #HRVÂ ç§»å‹•ãƒ‡ãƒ¼ã‚¿ã€‘
â—†ç·èµ°è¡Œè·é›¢(å¹³å‡)
ã€€ğŸ‡¯ğŸ‡µ              ğŸ‡­ğŸ‡·
13768m      14154m

â—†æ™‚é€Ÿ20kmä»¥ä¸Šç·è·é›¢(å¹³å‡)
ã€€ğŸ‡¯ğŸ‡µ              ğŸ‡­ğŸ‡·
 1025mâ€¦"
Mark Armstrong,Ireland,2022-12-07 13:33:02+00:00,0,Twitter for iPhone,"RT @brfootball: #NED 3-1 #USA
#ARG 2-1 #AUS
#FRA 3-1 #POL
#ENG 3-0 #SEN
#JPN 1-1 #HRV (1-3 on pens)
#BRA 4-1 #KOR
#MAR 0-0 #ESP (3-0 on penâ€¦"
ğ’®ğ’¶ğ’¾ğ’» ğ’œğ“ğ’¬ğ“Šğ’·ğ’¶ğ’¾ğ“ˆğ’¾,Abu Dhabi,2022-12-07 13:32:32+00:00,0,Twitter for iPhone,"RT @brfootball: #NED 3-1 #USA
#ARG 2-1 #AUS
#FRA 3-1 #POL
#ENG 3-0 #SEN
#JPN 1-1 #HRV (1-3 on pens)
#BRA 4-1 #KOR
#MAR 0-0 #ESP (3-0 on penâ€¦"
Yutaka Katoh,,2022-12-07 13:31:20+00:00,21,Twitter for iPhone,"ã€#JPNÂ vs #HRVÂ ç§»å‹•ãƒ‡ãƒ¼ã‚¿ã€‘
â—†ç·èµ°è¡Œè·é›¢(å¹³å‡)
ã€€ğŸ‡¯ğŸ‡µ              ğŸ‡­ğŸ‡·
13768m      14154m

â—†æ™‚é€Ÿ20kmä»¥ä¸Šç·è·é›¢(å¹³å‡)
ã€€ğŸ‡¯ğŸ‡µ              ğŸ‡­ğŸ‡·
 1025m        1157m

â—†æœ€é«˜æ™‚é€Ÿ(km/h)
1ï¸âƒ£ãƒ¦ãƒ©ãƒãƒ“ãƒƒãƒï¼š34.4
2ï¸âƒ£ #å‰ç”°å¤§ç„¶ ï¼š33.2
2ï¸âƒ£ #æµ…é‡æ‹“ç£¨Â ï¼š33.2
3ï¸âƒ£ #ä¸‰ç¬˜è–«Â ï¼š32.8
4ï¸âƒ£ ã‚³ãƒãƒãƒƒãƒï¼š32.6 https://t.co/zZvSW78psX"
Reindorf Baafi,"Kumasi, Ghana",2022-12-07 13:31:14+00:00,0,Twitter for Android,"RT @brfootball: #NED 3-1 #USA
#ARG 2-1 #AUS
#FRA 3-1 #POL
#ENG 3-0 #SEN
#JPN 1-1 #HRV (1-3 on pens)
#BRA 4-1 #KOR
#MAR 0-0 #ESP (3-0 on penâ€¦"
SYC,"Kaohsiung City, Taiwan",2022-12-07 13:27:29+00:00,0,Twitter for iPhone,"RT @brfootball: #NED 3-1 #USA
#ARG 2-1 #AUS
#FRA 3-1 #POL
#ENG 3-0 #SEN
#JPN 1-1 #HRV (1-3 on pens)
#BRA 4-1 #KOR
#MAR 0-0 #ESP (3-0 on penâ€¦"
Daniel Azrai,"Selangor, Malaysia",2022-12-07 13:12:04+00:00,0,Twitter for iPhone,"RT @brfootball: #NED 3-1 #USA
#ARG 2-1 #AUS
#FRA 3-1 #POL
#ENG 3-0 #SEN
#JPN 1-1 #HRV (1-3 on pens)
#BRA 4-1 #KOR
#MAR 0-0 #ESP (3-0 on penâ€¦"
Loko shamsudeen,Westeros ,2022-12-07 13:08:26+00:00,0,Twitter for Android,"RT @brfootball: #NED 3-1 #USA
#ARG 2-1 #AUS
#FRA 3-1 #POL
#ENG 3-0 #SEN
#JPN 1-1 #HRV (1-3 on pens)
#BRA 4-1 #KOR
#MAR 0-0 #ESP (3-0 on penâ€¦"
ShamsssğŸŒŸğŸŒ,,2022-12-07 13:01:30+00:00,0,Twitter for iPhone,"RT @brfootball: #NED 3-1 #USA
#ARG 2-1 #AUS
#FRA 3-1 #POL
#ENG 3-0 #SEN
#JPN 1-1 #HRV (1-3 on pens)
#BRA 4-1 #KOR
#MAR 0-0 #ESP (3-0 on penâ€¦"
JosuÃ© paredes,,2022-12-07 13:00:32+00:00,0,Twitter for iPhone,"RT @Rdc_Deportes: LUNES MUNDIALERO
Los 8vos de final continÃºan con dos grandes compromisos en 1er turno tenemos el duelo entre #JPN  y #HRVâ€¦"
JosuÃ© paredes,,2022-12-07 13:00:29+00:00,0,Twitter for iPhone,"RT @Rdc_Deportes: SE SUMAN DOS MÃS A LA LISTA DE INVITADOS
Con las victorias de #HRV en 1er turno en los penales a #JPN y en 1do turno la gâ€¦"
DSPARK COMEDYğŸ¤£,Occupy Till i Come!!!,2022-12-07 12:55:20+00:00,0,Twitter for Android,"RT @brfootball: #NED 3-1 #USA
#ARG 2-1 #AUS
#FRA 3-1 #POL
#ENG 3-0 #SEN
#JPN 1-1 #HRV (1-3 on pens)
#BRA 4-1 #KOR
#MAR 0-0 #ESP (3-0 on penâ€¦"
THAT GIRLğŸ˜ˆ,"Greater Accra, Ghana",2022-12-07 12:50:41+00:00,0,Twitter for Android,"RT @brfootball: #NED 3-1 #USA
#ARG 2-1 #AUS
#FRA 3-1 #POL
#ENG 3-0 #SEN
#JPN 1-1 #HRV (1-3 on pens)
#BRA 4-1 #KOR
#MAR 0-0 #ESP (3-0 on penâ€¦"
ğŸ•Šï¸,,2022-12-07 12:43:20+00:00,0,Twitter for Android,"RT @beINSPORTSUSA: RESPECT 

#FIFAWorldCup #Qatar2022 #JPN #HRV https://t.co/Im601NMntL"
Dimas Suryatmojo,SUB-SDA-MLG-JKT,2022-12-07 12:39:55+00:00,0,Twitter for Android,"RT @brfootball: #NED 3-1 #USA
#ARG 2-1 #AUS
#FRA 3-1 #POL
#ENG 3-0 #SEN
#JPN 1-1 #HRV (1-3 on pens)
#BRA 4-1 #KOR
#MAR 0-0 #ESP (3-0 on penâ€¦"
thebettyslip,,2022-12-07 12:34:40+00:00,0,Twitter for Android,"RT @brfootball: #NED 3-1 #USA
#ARG 2-1 #AUS
#FRA 3-1 #POL
#ENG 3-0 #SEN
#JPN 1-1 #HRV (1-3 on pens)
#BRA 4-1 #KOR
#MAR 0-0 #ESP (3-0 on penâ€¦"
HOLLAR_WESSâ„¢,Lagos state,2022-12-07 12:33:54+00:00,0,Twitter for iPhone,"RT @brfootball: #NED 3-1 #USA
#ARG 2-1 #AUS
#FRA 3-1 #POL
#ENG 3-0 #SEN
#JPN 1-1 #HRV (1-3 on pens)
#BRA 4-1 #KOR
#MAR 0-0 #ESP (3-0 on penâ€¦"
Ï€ÏÎ¹Î³ÎºÎ¯Ï€Î¹ÏƒÏƒÎ±ğŸ‡¦ğŸ‡·ğŸ‡§ğŸ‡·,The Shed End,2022-12-07 12:32:20+00:00,0,Twitter for Android,"RT @brfootball: #NED 3-1 #USA
#ARG 2-1 #AUS
#FRA 3-1 #POL
#ENG 3-0 #SEN
#JPN 1-1 #HRV (1-3 on pens)
#BRA 4-1 #KOR
#MAR 0-0 #ESP (3-0 on penâ€¦"
Haris@10,,2022-12-07 12:16:21+00:00,0,Twitter for Android,"RT @brfootball: #NED 3-1 #USA
#ARG 2-1 #AUS
#FRA 3-1 #POL
#ENG 3-0 #SEN
#JPN 1-1 #HRV (1-3 on pens)
#BRA 4-1 #KOR
#MAR 0-0 #ESP (3-0 on penâ€¦"
